link,video_id,title
https://www.youtube.com/watch?v=JIgK1Uhp_-Q,JIgK1Uhp_-Q,[BANGLA] 2024 PMSL CSA Qualifier SA Finals Day 3 | Spring
https://www.youtube.com/watch?v=DqIEaSgGVEk,DqIEaSgGVEk,[NP] 2024 PMSL CSA Qualifier SA Finals Day 3 | Spring
https://www.youtube.com/watch?v=pnJH1RPnae4,pnJH1RPnae4,[BANGLA] 2024 PMSL CSA Qualifier SA Finals Day 2 | Spring
https://www.youtube.com/watch?v=mOgrz6JqyPY,mOgrz6JqyPY,[MONGOL] 2024 PMSL CSA Qualifier SA Finals Day 1 | Spring
https://www.youtube.com/watch?v=fCwW-m8VK68,fCwW-m8VK68,[NP] 2024 PMSL CSA Qualifier SA Day 4 | Spring
https://www.youtube.com/watch?v=kOV_Jxmc3vk,kOV_Jxmc3vk,[NP] 2024 PMSL CSA Qualifier SA Day 3 | Spring
https://www.youtube.com/watch?v=hTJN7TLs3jA,hTJN7TLs3jA,[NP] 2024 PMSL CSA Qualifier SA Day 2 | Spring
https://www.youtube.com/watch?v=j4eJH8Mz3DU,j4eJH8Mz3DU,[NP] 2024 PMSL CSA Qualifier SA Day 1 | Spring
https://www.youtube.com/watch?v=wlp7A-EuaPw,wlp7A-EuaPw,[NP] 2023 PMGC Grand Finals | Day 2 | PUBG MOBILE Global Championship
https://www.youtube.com/watch?v=XFuu_pNZW_s,XFuu_pNZW_s,[NP] 2023 PMGC Grand Finals | Day 1 | PUBG MOBILE Global Championship
https://www.youtube.com/watch?v=YXGW1PXqvy4,YXGW1PXqvy4,[EN] 2023 PMGC Grand Finals | Day 1 | PUBG MOBILE Global Championship
https://www.youtube.com/watch?v=Q_C-h9d3bsg,Q_C-h9d3bsg,[EN] 2023 PMGC League | Survival Stage Day 2 | PUBG MOBILE Global Championship
https://www.youtube.com/watch?v=kwEHKWSsxZI,kwEHKWSsxZI,[EN] 2023 PMGC League | Group Yellow Day 2 | PUBG MOBILE Global Championship
https://www.youtube.com/watch?v=wvrrEeaK8ZE,wvrrEeaK8ZE,[NP] 2023 PMGC League | Group Yellow Day 1 | PUBG MOBILE Global Championship
https://www.youtube.com/watch?v=ul9M5T8pEpk,ul9M5T8pEpk,[EN] 2023 PMGC League | Group Green Day 1 | PUBG MOBILE Global Championship
https://www.youtube.com/watch?v=N_GVOJBCQC4,N_GVOJBCQC4,PUBG MOBILE Zombiethon | 24 Hour Livestream | Part 3
https://www.youtube.com/watch?v=Lfr4Xf3HcS8,Lfr4Xf3HcS8,[MONGOL] 2023 PMPL SAC Fall | Grand Finals Day 4 | Defy The Odds
https://www.youtube.com/watch?v=hYNPBYiG8-M,hYNPBYiG8-M,[EN] 2023 PMPL SAC Fall | Grand Finals Day 2 | Defy The Odds
https://www.youtube.com/watch?v=qCCl_Cb2IuM,qCCl_Cb2IuM,[EN] 2023 PMPL SAC Fall | Grand Finals Day 1 | Defy The Odds
https://www.youtube.com/watch?v=XkUH4a5ySxM,XkUH4a5ySxM,[EN] 2023 PMPL SAC Fall | League Stage Day 3 | Defy The Odds
https://www.youtube.com/watch?v=KHBn4gJVskg,KHBn4gJVskg,[MONGOL] 2023 PMPL SA Fall | League Stage Week 3 Day 5| Aim For Victory
https://www.youtube.com/watch?v=5nyNr3GS0xs,5nyNr3GS0xs,[EN] 2023 PMPL SA Fall | League Stage Week 3 Day 4| Aim For Victory
https://www.youtube.com/watch?v=gNdR2S4bM1I,gNdR2S4bM1I,[NP] 2023 PMPL SA Fall | League Stage Week 3 Day 3| Aim For Victory
https://www.youtube.com/watch?v=kK6-TRawqXs,kK6-TRawqXs,[MONGOL] 2023 PMPL SA Fall | League Stage Week 3 Day 2| Aim For Victory
https://www.youtube.com/watch?v=5T2YKZM9cjw,5T2YKZM9cjw,[BANGLA] 2023 PMPL SA Fall | League Stage Week 1 Day 4 | Aim For Victory
https://www.youtube.com/watch?v=wgAQKO5wlFg,wgAQKO5wlFg,[BANGLA] 2023 PMPL SA Fall | League Stage Week 1 Day 3 | Aim For Victory
https://www.youtube.com/watch?v=RoZrlDTW9-Q,RoZrlDTW9-Q,[BANGLA]  2023 PMPL SA Fall | League Stage Week 1 Day 1 | Aim For Victory
https://www.youtube.com/watch?v=UzvbBy9z56k,UzvbBy9z56k,[EN] 2023 PMWI Allstars Stage Day 3 | Gamers8 | PUBG MOBILE World Invitational
https://www.youtube.com/watch?v=krvOKwijXwM,krvOKwijXwM,[MONGOL] 2023 PMRC SEA vs. SA Day 4 | PUBG MOBILE Regional Clash
https://www.youtube.com/watch?v=Ugz7mUUCW6o,Ugz7mUUCW6o,[EN] 2023 PMRC SEA vs. SA Day 2 | PUBG MOBILE Regional Clash
https://www.youtube.com/watch?v=cDQ2_rIXUJY,cDQ2_rIXUJY,[MONGOL] 2023 PMRC SEA vs. SA Day 2 | PUBG MOBILE Regional Clash
https://www.youtube.com/watch?v=fntkvMVuufQ,fntkvMVuufQ,[MONGOL] 2023 PMRC SEA vs. SA Day 1 | PUBG MOBILE Regional Clash
https://www.youtube.com/watch?v=op-uj7ZHB-U,op-uj7ZHB-U,[NEP] 2023 PMRC SEA vs. SA Day 1 | PUBG MOBILE Regional Clash
https://www.youtube.com/watch?v=e5endTsnKqk,e5endTsnKqk,[NP] PUBG MOBILE – Day 2 | RDAG 2022
https://www.youtube.com/watch?v=kqz-uUog2Ec,kqz-uUog2Ec,[SI] PUBG MOBILE – Day 2 | RDAG 2022
https://www.youtube.com/watch?v=LkOIGpB8FKo,LkOIGpB8FKo,[EN] PUBG MOBILE – Day 2 | RDAG 2022
https://www.youtube.com/watch?v=1VBlX4E8j0A,1VBlX4E8j0A,[NP] 2023 PUBG Mobile Nepal Series Grand Finals Day 3| #AAYOGORKHALI
https://www.youtube.com/watch?v=6c0O-wzW42k,6c0O-wzW42k,[SI] PUBG MOBILE – Day 1 | RDAG 2022
https://www.youtube.com/watch?v=ulI0EDPXcj8,ulI0EDPXcj8,[EN] PUBG MOBILE – Day 1 | RDAG 2022
https://www.youtube.com/watch?v=f-vbW0SHEkM,f-vbW0SHEkM,[NP] PUBG MOBILE – Day 1 | RDAG 2022
https://www.youtube.com/watch?v=uVQdNg6_vD8,uVQdNg6_vD8,[NP] 2023 PUBG Mobile Nepal Series Grand Finals Day 2| #AAYOGORKHALI
https://www.youtube.com/watch?v=NugcAkDmLY0,NugcAkDmLY0,[NP] 2023 PUBG Mobile Nepal Series Grand Finals Day 1| #AAYOGORKHALI
https://www.youtube.com/watch?v=p2lDjBJki34,p2lDjBJki34,[NP] 2023 PUBG Mobile Nepal Series Semi-Finals Day 3 | #AAYOGORKHALI
https://www.youtube.com/watch?v=JFTmhyl5QFs,JFTmhyl5QFs,[NP] 2023 PUBG Mobile Nepal Series Semi-Finals Day 2 | #AAYOGORKHALI
https://www.youtube.com/watch?v=sI45pz-Yyyo,sI45pz-Yyyo,[NP] 2023 PUBG Mobile Nepal Series Semi-Finals Day 1 | #AAYOGORKHALI
https://www.youtube.com/watch?v=DfssOhCgsvY,DfssOhCgsvY,[MONG] 2023 PMPL South Asia Championship - Finals Day 4 | Spring | Hunt For Victory
https://www.youtube.com/watch?v=alpRXoeWjoU,alpRXoeWjoU,[BANGLA] 2023 PMPL South Asia Championship - Finals Day 4 | Spring | Hunt For Victory
https://www.youtube.com/watch?v=IdO9TtxWRqk,IdO9TtxWRqk,[NP] 2023 PMPL South Asia Championship - Finals Day 4 | Spring | Hunt For Victory
https://www.youtube.com/watch?v=vA7msn9ppWc,vA7msn9ppWc,[EN] 2023 PMPL South Asia Championship - Finals Day 4 | Spring | Hunt For Victory
https://www.youtube.com/watch?v=wXsrrhyKYa4,wXsrrhyKYa4,[BANGLA] 2023 PMPL South Asia Championship - Finals Day 3 | Spring | Hunt For Victory
https://www.youtube.com/watch?v=L7x_tKI5T1M,L7x_tKI5T1M,[NP] 2023 PMPL South Asia Championship - Finals Day 3 | Spring | Hunt For Victory
https://www.youtube.com/watch?v=J1OeGul_3D0,J1OeGul_3D0,[MONG] 2023 PMPL South Asia Championship - Finals Day 3 | Spring | Hunt For Victory
https://www.youtube.com/watch?v=pj9T6F64th0,pj9T6F64th0,[EN] 2023 PMPL South Asia Championship - Finals Day 3 | Spring | Hunt For Victory
https://www.youtube.com/watch?v=WLSlp79VbuM,WLSlp79VbuM,[EN] 2023 PMPL South Asia Championship - Finals Day 2 | Spring | Hunt For Victory
https://www.youtube.com/watch?v=EcNlgUYJ1uo,EcNlgUYJ1uo,[NP] 2023 PMPL South Asia Championship - Finals Day 2 | Spring | Hunt For Victory
https://www.youtube.com/watch?v=EHTkMQ5b7so,EHTkMQ5b7so,[MONG] 2023 PMPL South Asia Championship - Finals Day 2 | Spring | Hunt For Victory
https://www.youtube.com/watch?v=L2AEobbwpN8,L2AEobbwpN8,[BANGLA] 2023 PMPL South Asia Championship - Finals Day 2 | Spring | Hunt For Victory
https://www.youtube.com/watch?v=3MTwsOc3aIg,3MTwsOc3aIg,[BANGLA] 2023 PMPL South Asia Championship - Finals Day 1 | Spring | Hunt For Victory
https://www.youtube.com/watch?v=NEbIMtaBKJg,NEbIMtaBKJg,[MONG] 2023 PMPL South Asia Championship - Finals Day 1 | Spring | Hunt For Victory
https://www.youtube.com/watch?v=HX8p-PkMR_8,HX8p-PkMR_8,[NP] 2023 PMPL South Asia Championship - Finals Day 1 | Spring | Hunt For Victory
https://www.youtube.com/watch?v=yTlWXf-JSiY,yTlWXf-JSiY,[EN] 2023 PMPL South Asia Championship - Finals Day 1 | Spring | Hunt For Victory
https://www.youtube.com/watch?v=P3Y7juXb4x8,P3Y7juXb4x8,[BANGLA] 2023 PMPL South Asia Championship - League Stage Day 4 | Spring | Hunt For Victory
https://www.youtube.com/watch?v=1reYlIuh7N8,1reYlIuh7N8,[NP] 2023 PMPL South Asia Championship - League Stage Day 4 | Spring | Hunt For Victory
https://www.youtube.com/watch?v=JehHtg9G2Wk,JehHtg9G2Wk,[EN] 2023 PMPL South Asia Championship - League Stage Day 4 | Spring | Hunt For Victory
https://www.youtube.com/watch?v=yxm_h-tmScI,yxm_h-tmScI,[MONG] 2023 PMPL South Asia Championship - League Stage Day 4 | Spring | Hunt For Victory
https://www.youtube.com/watch?v=RJQaTWDMA04,RJQaTWDMA04,[NP] 2023 PMPL South Asia Championship - League Stage Day 3 | Spring | Hunt For Victory
https://www.youtube.com/watch?v=CN8JkatZ9Cc,CN8JkatZ9Cc,[MONG] 2023 PMPL South Asia Championship - League Stage Day 3 | Spring | Hunt For Victory
https://www.youtube.com/watch?v=ILRNkD-quLo,ILRNkD-quLo,[EN] 2023 PMPL South Asia Championship - League Stage Day 3 | Spring | Hunt For Victory
https://www.youtube.com/watch?v=b7P6YsqpA7Q,b7P6YsqpA7Q,[BANGLA] 2023 PMPL South Asia Championship - League Stage Day 2 | Spring | Hunt For Victory
https://www.youtube.com/watch?v=dbG9sz4HAXk,dbG9sz4HAXk,[NP] 2023 PMPL South Asia Championship - League Stage Day 2 | Spring | Hunt For Victory
https://www.youtube.com/watch?v=9iYnTliY3ho,9iYnTliY3ho,[MONG] 2023 PMPL South Asia Championship - League Stage Day 2 | Spring | Hunt For Victory
https://www.youtube.com/watch?v=VPKf2zA_17Y,VPKf2zA_17Y,[EN] 2023 PMPL South Asia Championship - League Stage Day 2 | Spring | Hunt For Victory
https://www.youtube.com/watch?v=AKq4YUKL1Jo,AKq4YUKL1Jo,[MN] 2023 PMPL South Asia Championship League Stage Day 1 | Spring | Hunt For Victory
https://www.youtube.com/watch?v=qVljYyg_HXE,qVljYyg_HXE,[EN] 2023 PMPL South Asia Championship League Stage Day 1 | Spring | Hunt For Victory
https://www.youtube.com/watch?v=y3iiBB3cuUA,y3iiBB3cuUA,[BANGLA] 2023 PMPL South Asia Championship League Stage Day 1 | Spring | Hunt For Victory
https://www.youtube.com/watch?v=1s8yCs5NqwM,1s8yCs5NqwM,[NP] 2023 PMPL South Asia Championship League Stage Day 1 | Spring | Hunt For Victory
https://www.youtube.com/watch?v=sglW9llPyr4,sglW9llPyr4,[NP] 2023 PMPL South Asia Spring | Grand Finale Day 2 | Survive to Conquer
https://www.youtube.com/watch?v=VTLAi7zc3LU,VTLAi7zc3LU,[NP] 2023 PMPL South Asia Spring | Grand Finale Day 1 | Survive to Conquer
https://www.youtube.com/watch?v=-nCLD7iMqf8,-nCLD7iMqf8,[BANGLA] 2023 PMPL South Asia Spring | Week 3 Day 5 | Survive to Conquer
https://www.youtube.com/watch?v=jgFxX23niFk,jgFxX23niFk,[MONG] 2023 PMPL South Asia Spring | Week 3 Day 5 | Survive to Conquer
https://www.youtube.com/watch?v=Em8Vha1XvjE,Em8Vha1XvjE,[EN] 2023 PMPL South Asia Spring | Week 3 Day 5 | Survive to Conquer
https://www.youtube.com/watch?v=dnv56EWEWNs,dnv56EWEWNs,[BANGLA] 2023 PMPL South Asia Spring | Week 3 Day 4 | Survive to Conquer
https://www.youtube.com/watch?v=BgNLGHIgzkw,BgNLGHIgzkw,[EN] 2023 PMPL South Asia Spring | Week 3 Day 4 | Survive to Conquer
https://www.youtube.com/watch?v=htNV-ut5qJ0,htNV-ut5qJ0,[NP] 2023 PMPL South Asia Spring | Week 3 Day 4 | Survive to Conquer
https://www.youtube.com/watch?v=m4asgrxQfJU,m4asgrxQfJU,[EN] 2023 PMPL South Asia Spring | Week 3 Day 3 | Survive to Conquer
https://www.youtube.com/watch?v=ahPnJ1HzkyA,ahPnJ1HzkyA,[NP] 2023 PMPL South Asia Spring | Week 3 Day 3 | Survive to Conquer
https://www.youtube.com/watch?v=hkoqCU9ttlA,hkoqCU9ttlA,[MONG] 2023 PMPL South Asia Spring | Week 3 Day 3 | Survive to Conquer
https://www.youtube.com/watch?v=PI5Qvb21-Gk,PI5Qvb21-Gk,[BANGLA] 2023 PMPL South Asia Spring | Week 3 Day 3 | Survive to Conquer
https://www.youtube.com/watch?v=2DBM4XGh5rg,2DBM4XGh5rg,[EN] 2023 PMPL South Asia Spring | Week 3 Day 2 | Survive to Conquer
https://www.youtube.com/watch?v=zm9Lc86olhY,zm9Lc86olhY,[BANGLA] 2023 PMPL South Asia Spring | Week 3 Day 2 | Survive to Conquer
https://www.youtube.com/watch?v=vV0KUgevZSU,vV0KUgevZSU,[NP] 2023 PMPL South Asia Spring | Week 3 Day 2 | Survive to Conquer
https://www.youtube.com/watch?v=93wGNWuvtII,93wGNWuvtII,[MONG] 2023 PMPL South Asia Spring | Week 3 Day 2 | Survive to Conquer
https://www.youtube.com/watch?v=gldWsajswSg,gldWsajswSg,[NP] 2023 PMPL South Asia Spring | Week 3 Day 1 | Survive to Conquer
https://www.youtube.com/watch?v=_y9ej32jvI0,_y9ej32jvI0,[MONG] 2023 PMPL South Asia Spring | Week 3 Day 1 | Survive to Conquer
https://www.youtube.com/watch?v=VGyNnrxtkLs,VGyNnrxtkLs,[EN] 2023 PMPL South Asia Spring | Week 3 Day 1 | Survive to Conquer
https://www.youtube.com/watch?v=jiZFfelh12M,jiZFfelh12M,[EN] 2023 PMPL South Asia Spring | Week 2 Day 5 | Survive to Conquer
https://www.youtube.com/watch?v=Q72LmAywLQA,Q72LmAywLQA,[MONG] 2023 PMPL South Asia Spring | Week 2 Day 5 | Survive to Conquer
https://www.youtube.com/watch?v=DGY5OuOTaqA,DGY5OuOTaqA,[NP] 2023 PMPL South Asia Spring | Week 2 Day 5 | Survive to Conquer
https://www.youtube.com/watch?v=kO9dntZcweQ,kO9dntZcweQ,[BANGLA] 2023 PMPL South Asia Spring | Week 2 Day 5 | Survive to Conquer
https://www.youtube.com/watch?v=x9rAVPgdtkA,x9rAVPgdtkA,[MONG] 2023 PMPL South Asia Spring | Week 2 Day 4 | Survive to Conquer
https://www.youtube.com/watch?v=VGmh0lO0RBI,VGmh0lO0RBI,[BANGLA] 2023 PMPL South Asia Spring | Week 2 Day 4 | Survive to Conquer
https://www.youtube.com/watch?v=sBcq5vRHUIA,sBcq5vRHUIA,[EN] 2023 PMPL South Asia Spring | Week 2 Day 4 | Survive to Conquer
https://www.youtube.com/watch?v=LtPiOW_8HWk,LtPiOW_8HWk,[NP] 2023 PMPL South Asia Spring | Week 2 Day 4 | Survive to Conquer
https://www.youtube.com/watch?v=RXyrwjDaass,RXyrwjDaass,[MONG] 2023 PMPL South Asia Spring | Week 2 Day 3 | Survive to Conquer
https://www.youtube.com/watch?v=0az8YpcqoS0,0az8YpcqoS0,[BANGLA] 2023 PMPL South Asia Spring | Week 2 Day 3 | Survive to Conquer
https://www.youtube.com/watch?v=Ap0KAeypebg,Ap0KAeypebg,[NP] 2023 PMPL South Asia Spring | Week 2 Day 3 | Survive to Conquer
https://www.youtube.com/watch?v=RkcHeqK-I9U,RkcHeqK-I9U,[BANGLA] 2023 PMPL South Asia Spring | Week 2 Day 2 | Survive to Conquer
https://www.youtube.com/watch?v=m4zjMqVlnIs,m4zjMqVlnIs,[EN] 2023 PMPL South Asia Spring | Week 2 Day 2 | Survive to Conquer
https://www.youtube.com/watch?v=8BTpIBhQ4I8,8BTpIBhQ4I8,[MONG] 2023 PMPL South Asia Spring | Week 2 Day 2 | Survive to Conquer
https://www.youtube.com/watch?v=7OMeJAPlk64,7OMeJAPlk64,[NP] 2023 PMPL South Asia Spring | Week 2 Day 2 | Survive to Conquer
https://www.youtube.com/watch?v=SApzVPP1U5s,SApzVPP1U5s,[BANGLA] 2023 PMPL South Asia Spring | Week 2 Day 1 | Survive to Conquer
https://www.youtube.com/watch?v=Uk0wWER71dk,Uk0wWER71dk,[MONG] 2023 PMPL South Asia Spring | Week 2 Day 1 | Survive to Conquer
https://www.youtube.com/watch?v=2lipC5iscYo,2lipC5iscYo,[NP] 2023 PMPL South Asia Spring | Week 2 Day 1 | Survive to Conquer
https://www.youtube.com/watch?v=sIFU2Sv_2EA,sIFU2Sv_2EA,[NP] 2023 PMPL South Asia Spring | Week 1 Day 5 | Survive to Conquer
https://www.youtube.com/watch?v=8lk58OigXN8,8lk58OigXN8,[EN] 2023 PMPL South Asia Spring | Week 1 Day 5 | Survive to Conquer
https://www.youtube.com/watch?v=cP8XQ8KrAYY,cP8XQ8KrAYY,[BANGLA] 2023 PMPL South Asia Spring | Week 1 Day 5 | Survive to Conquer
https://www.youtube.com/watch?v=KlSoOoztiyY,KlSoOoztiyY,[MONG] 2023 PMPL South Asia Spring | Week 1 Day 5 | Survive to Conquer
https://www.youtube.com/watch?v=sCM3d8JwDcE,sCM3d8JwDcE,[BANGLA] 2023 PMPL South Asia Spring | Week 1 Day 4 | Survive to Conquer
https://www.youtube.com/watch?v=B6w9FRAjpLo,B6w9FRAjpLo,[EN] 2023 PMPL South Asia Spring | Week 1 Day 4 | Survive to Conquer
https://www.youtube.com/watch?v=x35ArQjlMH8,x35ArQjlMH8,[MONG] 2023 PMPL South Asia Spring | Week 1 Day 4 | Survive to Conquer
https://www.youtube.com/watch?v=iiJ-bil5n2w,iiJ-bil5n2w,[NP] 2023 PMPL South Asia Spring | Week 1 Day 4 | Survive to Conquer
https://www.youtube.com/watch?v=mn6-cAzC-sA,mn6-cAzC-sA,[NP] 2023 PMPL South Asia Spring | Week 1 Day 3 | Survive to Conquer
https://www.youtube.com/watch?v=0j4g-HivllE,0j4g-HivllE,[EN] 2023 PMPL South Asia Spring | Week 1 Day 2 | Survive to Conquer
https://www.youtube.com/watch?v=xh-vuzmkZ0k,xh-vuzmkZ0k,[NP] 2023 PMPL South Asia Spring | Week 1 Day 2 | Survive to Conquer
https://www.youtube.com/watch?v=H1-sKI8SCZs,H1-sKI8SCZs,[NP] 2023 PMPL South Asia Spring | Week 1 Day 1 | Survive to Conquer
https://www.youtube.com/watch?v=R95YB383JwM,R95YB383JwM,[BANGLA] 2023 PMPL South Asia Spring | Week 1 Day 1 | Survive to Conquer
https://www.youtube.com/watch?v=c3UKKT4xIFc,c3UKKT4xIFc,[MONG] 2023 PMPL South Asia Spring | Week 1 Day 1 | Survive to Conquer
https://www.youtube.com/watch?v=juvoY-bVI4I,juvoY-bVI4I,[MONGOL]  PMGC 2022 Grand Finals | Day 2 | PUBG MOBILE Global Championship
https://www.youtube.com/watch?v=0hjb6RCGpy4,0hjb6RCGpy4,[Bangla]  PMGC 2022 Grand Finals | Day 2 | PUBG MOBILE Global Championship
https://www.youtube.com/watch?v=ox3JdWL0apU,ox3JdWL0apU,[EN] PMGC 2022 Grand Finals | Day 1 | PUBG MOBILE Global Championship
https://www.youtube.com/watch?v=b7mVei-iNZk,b7mVei-iNZk,[NEP] PMGC 2022 Grand Finals | Day 1 | PUBG MOBILE Global Championship
https://www.youtube.com/watch?v=1Ocxjd2f7u0,1Ocxjd2f7u0,[MONGOL]  PMGC 2022 Grand Finals | Day 1 | PUBG MOBILE Global Championship
https://www.youtube.com/watch?v=oDqw1ReRvmk,oDqw1ReRvmk,[ENGLISH] 2022 PMNC South Asia Wild Card | Grand Finals Day 4
https://www.youtube.com/watch?v=1BF9C4x99cg,1BF9C4x99cg,[MONGOL] 2022 PMNC South Asia Wild Card | Grand Finals Day 4
https://www.youtube.com/watch?v=KukB4rm7ZAg,KukB4rm7ZAg,[BANGLA] 2022 PMNC দক্ষিণ এশিয়া ওয়াইল্ড কার্ড | গ্র্যান্ড ফাইনালের ৪র্থ দিন
https://www.youtube.com/watch?v=Rz6bfppQNb0,Rz6bfppQNb0,[MONGOL] 2022 PMNC South Asia Wild Card | Grand Finals Day 3
https://www.youtube.com/watch?v=znfRsNuM0Ns,znfRsNuM0Ns,[ENGLISH] 2022 PMNC South Asia Wild Card | Grand Finals Day 3
https://www.youtube.com/watch?v=TUStsUeMfQQ,TUStsUeMfQQ,[BANGLA] 2022 PMNC দক্ষিণ এশিয়া ওয়াইল্ড কার্ড | গ্র্যান্ড ফাইনালের ৩য় দিন
https://www.youtube.com/watch?v=rZ1WBmt2eGA,rZ1WBmt2eGA,[BANGLA] 2022 PMNC দক্ষিণ এশিয়া ওয়াইল্ড কার্ড | গ্র্যান্ড ফাইনালের ৩য় দিন
https://www.youtube.com/watch?v=ysckzavjO7Y,ysckzavjO7Y,[MONGOL] 2022 PMNC South Asia Wild Card | Grand Finals Day 2
https://www.youtube.com/watch?v=w2IdXszFwu0,w2IdXszFwu0,[BANGLA] 2022 PMNC দক্ষিণ এশিয়া ওয়াইল্ড কার্ড | গ্র্যান্ড ফাইনালের ২য় দিন
https://www.youtube.com/watch?v=PEfa7hEEirU,PEfa7hEEirU,[ENGLISH] 2022 PMNC South Asia Wild Card | Grand Finals Day 2
https://www.youtube.com/watch?v=QJ6PvHZ6xzE,QJ6PvHZ6xzE,[MONGOL] 2022 PMNC South Asia Wild Card | Grand Finals Day 1 | The battle to be the best begins!
https://www.youtube.com/watch?v=TWdAnadqSUQ,TWdAnadqSUQ,[BANGLA] 2022 PMNC দক্ষিণ এশিয়া ওয়াইল্ড কার্ড |গ্র্যান্ড ফাইনাল ১ম দিন l শ্রেষ্ঠ হবার লড়াই শুরু আজ
https://www.youtube.com/watch?v=g6zfPVNw2oY,g6zfPVNw2oY,[ENGLISH] 2022 PMNC South Asia Wild Card | Grand Finals Day 1 | The battle to be the best begins!
https://www.youtube.com/watch?v=Sl0mxKUB2Fc,Sl0mxKUB2Fc,[NEP] 2022 PUBG MOBILE National Championship Nepal | LAN FINALS - DAY 2
https://www.youtube.com/watch?v=7ZWYURkywQw,7ZWYURkywQw,[ENG] 2022 PUBG MOBILE National Championship Nepal | LAN FINALS - DAY 2
https://www.youtube.com/watch?v=k5l7Q0AJ43A,k5l7Q0AJ43A,[NEP] 2022 PUBG MOBILE National Championship Nepal | LAN FINALS - DAY 1
https://www.youtube.com/watch?v=tLLHtj2T33A,tLLHtj2T33A,[ENG] 2022 PUBG MOBILE National Championship Nepal | LAN FINALS - DAY 1
https://www.youtube.com/watch?v=EPRw83XfA2Y,EPRw83XfA2Y,[MONGOL] 2022 PMNC South Asia Wild Card | SF Day 4 | Who will qualify to the Grand Finals?
https://www.youtube.com/watch?v=dt-KcDfsAVE,dt-KcDfsAVE,[ENGLISH] 2022 PMNC South Asia Wild Card | SF Day 4 | Who will qualify to the Grand Finals?
https://www.youtube.com/watch?v=cwevqEjYXLI,cwevqEjYXLI,[BANGLA] 2022 PMNC দক্ষিণ এশিয়া ওয়াইল্ড কার্ড | সেমিফাইনাল ৪র্থ দিন | কারা যাচ্ছে গ্রান্ড ফাইনালে?
https://www.youtube.com/watch?v=dvEdcjfi8RE,dvEdcjfi8RE,[BANGLA] 2022 PMNC দক্ষিণ এশিয়া ওয়াইল্ড কার্ড |  সেমিফাইনালের ৩য় দিন | রোমাঞ্চকর হয়ে উঠেছে লড়াই
https://www.youtube.com/watch?v=saNTnrEZmQ4,saNTnrEZmQ4,[SINHALA] 2022 PMNC South Asia Wild Card | SF Day 3 | The battle rages on!
https://www.youtube.com/watch?v=Hl2mStJFKZM,Hl2mStJFKZM,[MONGOL] 2022 PMNC South Asia Wild Card | SF Day 3 | The battle rages on!
https://www.youtube.com/watch?v=9aGBHHhTtGQ,9aGBHHhTtGQ,[ENGLISH] 2022 PMNC South Asia Wild Card | SF Day 2 | Can SITM stay on top?
https://www.youtube.com/watch?v=5jLJOCMkMS4,5jLJOCMkMS4,[SINHALA] 2022 PMNC South Asia Wild Card | SF Day 2 | Can SITM stay on top?
https://www.youtube.com/watch?v=7iPLbhP1Cus,7iPLbhP1Cus,[MONGOL] 2022 PMNC South Asia Wild Card | SF Day 2 | Can SITM stay on top?
https://www.youtube.com/watch?v=ILSooHB809c,ILSooHB809c,[ENGLISH] 2022 PUBG MOBILE National Championship South Asia Wild Card | The battle for glory begins
https://www.youtube.com/watch?v=BrWADP7Mpbc,BrWADP7Mpbc,[SINHALA] 2022 PUBG MOBILE National Championship South Asia Wild Card | The battle for glory begins
https://www.youtube.com/watch?v=7Dj9lNP2oH0,7Dj9lNP2oH0,[BANGLA] PMNC 2022 দক্ষিণ এশিয়া ওয়াইল্ড কার্ড |  গৌরব অর্জনের লড়াই শুরু হয়ে গিয়েছে
https://www.youtube.com/watch?v=ikhI3o7Mj8I,ikhI3o7Mj8I,[MONGOL] 2022 PUBG MOBILE National Championship South Asia Wild Card | The battle for glory begins
https://www.youtube.com/watch?v=_BFdOGwZEZY,_BFdOGwZEZY,[ENG] 2022 PUBG MOBILE National Championship Nepal | Semi Finals - Day 3
https://www.youtube.com/watch?v=7vPvOF25N5w,7vPvOF25N5w,[NEP] 2022 PUBG MOBILE National Championship Nepal | Semi Final - Day 3
https://www.youtube.com/watch?v=qmPr46Ut99k,qmPr46Ut99k,[NEP] 2022 PUBG MOBILE National Championship Nepal | Semi Finals - Day 2
https://www.youtube.com/watch?v=GZi4tmrow1A,GZi4tmrow1A,[ENG] 2022 PUBG MOBILE National Championship Nepal | Semi Finals - Day 2
https://www.youtube.com/watch?v=jbZ1l9_jYmE,jbZ1l9_jYmE,[NEP] 2022 PUBG MOBILE National Championship Nepal | Semi Finals - Day 1
https://www.youtube.com/watch?v=LKaXRb8n7uw,LKaXRb8n7uw,[ENG] 2022 PUBG MOBILE National Championship Nepal | Semi Finals - Day 1
https://www.youtube.com/watch?v=bdzna9vfMCI,bdzna9vfMCI,[NEP] 2022 PUBG MOBILE National Championship Nepal | Group Stage - Day 4
https://www.youtube.com/watch?v=9QDt7nDtXLY,9QDt7nDtXLY,[ENG] 2022 PUBG MOBILE National Championship Nepal | Group Stage - Day 4
https://www.youtube.com/watch?v=MX-bi-p9-yc,MX-bi-p9-yc,[ENG] 2022 PUBG MOBILE National Championship Nepal | Group Stage - Day 3
https://www.youtube.com/watch?v=d4of-w3Greg,d4of-w3Greg,[NEP] 2022 PUBG MOBILE National Championship Nepal | Group Stage - Day 3
https://www.youtube.com/watch?v=mJH-EvJV2-Y,mJH-EvJV2-Y,[NEP] 2022 PUBG MOBILE National Championship Nepal | Group Stage - Day 2
https://www.youtube.com/watch?v=Wp2NK-80w_M,Wp2NK-80w_M,[ENG] 2022 PUBG MOBILE National Championship Nepal | Group Stage - Day 2
https://www.youtube.com/watch?v=NKorEo6tFNQ,NKorEo6tFNQ,[NEP] 2022 PUBG MOBILE National Championship Nepal | Group Stage - Day 1
https://www.youtube.com/watch?v=6bOhpbeMIr8,6bOhpbeMIr8,[ENG] 2022 PUBG MOBILE National Championship Nepal | Group Stage - Day 1
https://www.youtube.com/watch?v=56AFkwu6SVI,56AFkwu6SVI,[MONGOL] 2022 PMGC League Last Chance Day 2 | PUBG MOBILE Global Championship
https://www.youtube.com/watch?v=Bz6qb6B6dXI,Bz6qb6B6dXI,[Bangla] 2022 PMGC League Last Chance Day 2 | PUBG MOBILE Global Championship
https://www.youtube.com/watch?v=cxx1PniYdNc,cxx1PniYdNc,[EN] 2022 PMGC League Last Chance Day 2 | PUBG MOBILE Global Championship
https://www.youtube.com/watch?v=OLlXvDEX-xk,OLlXvDEX-xk,[NEP] 2022 PMGC League Last Chance Day 2 | PUBG MOBILE Global Championship
https://www.youtube.com/watch?v=O5pm13Aa_rs,O5pm13Aa_rs,[MONGOL] 2022 PMGC League Last Chance Day 1 | PUBG MOBILE Global Championship
https://www.youtube.com/watch?v=mf0_xW5xLyw,mf0_xW5xLyw,[EN] 2022 PMGC League Last Chance Day 1 | PUBG MOBILE Global Championship
https://www.youtube.com/watch?v=nIcJMOU5WIU,nIcJMOU5WIU,[Bangla] 2022 PMGC League Last Chance Day 1 | PUBG MOBILE Global Championship
https://www.youtube.com/watch?v=0InSBu-oLVQ,0InSBu-oLVQ,[MONGOL] 2022 PMGC League Survival Day 3 | PUBG MOBILE Global Championship
https://www.youtube.com/watch?v=P0tHuRwG2KY,P0tHuRwG2KY,[NEP] 2022 PMGC League Survival Day 3 | PUBG MOBILE Global Championship
https://www.youtube.com/watch?v=jUghr2h-Exs,jUghr2h-Exs,[EN] 2022 PMGC League Survival Day 3 | PUBG MOBILE Global Championship
https://www.youtube.com/watch?v=0J_3M7XRQeI,0J_3M7XRQeI,[Bangla] 2022 PMGC League Survival Day 3 | PUBG MOBILE Global Championship
https://www.youtube.com/watch?v=KybqVqvvpa0,KybqVqvvpa0,[EN] 2022 PMGC League Survival Day 2 | PUBG MOBILE Global Championship
https://www.youtube.com/watch?v=D7N9lcJGJU4,D7N9lcJGJU4,[MONGOL] 2022 PMGC League Survival Day 2 | PUBG MOBILE Global Championship
https://www.youtube.com/watch?v=iIh0Ia0IB04,iIh0Ia0IB04,[Bangla] 2022 PMGC League Survival Day 2 | PUBG MOBILE Global Championship
https://www.youtube.com/watch?v=TvPiDsIBI6s,TvPiDsIBI6s,[NEP] 2022 PMGC League Survival Day 2 | PUBG MOBILE Global Championship
https://www.youtube.com/watch?v=PTa7KbPMRiM,PTa7KbPMRiM,[MONGOL] 2022 PMGC League Survival Day 1 | PUBG MOBILE Global Championship
https://www.youtube.com/watch?v=622bLjXBuZM,622bLjXBuZM,[EN] 2022 PMGC League Survival Day 1 | PUBG MOBILE Global Championship
https://www.youtube.com/watch?v=pJF2D3cktV8,pJF2D3cktV8,[NEP] 2022 PMGC League Survival Day 1 | PUBG MOBILE Global Championship
https://www.youtube.com/watch?v=4hsnJtIEgqk,4hsnJtIEgqk,[NEP] 2022 PMGC League Group Yellow Day 4 | PUBG MOBILE Global Championship
https://www.youtube.com/watch?v=NbnbYpZZzTk,NbnbYpZZzTk,[EN] 2022 PMGC League Group Yellow Day 4 | PUBG MOBILE Global Championship
https://www.youtube.com/watch?v=-05dNMwWtyY,-05dNMwWtyY,[Bangla] 2022 PMGC League Group Yellow Day 4 | PUBG MOBILE Global Championship
https://www.youtube.com/watch?v=PjBVlnJTVT0,PjBVlnJTVT0,[MONGOL] 2022 PMGC League Group Yellow Day 4 | PUBG MOBILE Global Championship
https://www.youtube.com/watch?v=45Zrxqtrlgo,45Zrxqtrlgo,[MONGOL] 2022 PMGC League Group Yellow Day 3 | PUBG MOBILE Global Championship
https://www.youtube.com/watch?v=TpCRGqzOhC0,TpCRGqzOhC0,[EN] 2022 PMGC League Group Yellow Day 3 | PUBG MOBILE Global Championship
https://www.youtube.com/watch?v=5t3YvgYd_mM,5t3YvgYd_mM,[NEP] 2022 PMGC League Group Yellow Day 3 | PUBG MOBILE Global Championship
https://www.youtube.com/watch?v=E8y1cbuFGDI,E8y1cbuFGDI,[Bangla] 2022 PMGC League Group Yellow Day 3 | PUBG MOBILE Global Championship
https://www.youtube.com/watch?v=4uFXuVkFgRQ,4uFXuVkFgRQ,[MONGOL] 2022 PMGC League Group Yellow Day 2 | PUBG MOBILE Global Championship
https://www.youtube.com/watch?v=tYYI3nft15g,tYYI3nft15g,[EN] 2022 PMGC League Group Yellow Day 2 | PUBG MOBILE Global Championship
https://www.youtube.com/watch?v=SllErm7tc_8,SllErm7tc_8,[Bangla] 2022 PMGC League Group Yellow Day 2 | PUBG MOBILE Global Championship
https://www.youtube.com/watch?v=xk2dk8aO4EU,xk2dk8aO4EU,[NEP] 2022 PMGC League Group Yellow Day 1 | PUBG MOBILE Global Championship
https://www.youtube.com/watch?v=Wq6ROhYAG88,Wq6ROhYAG88,[EN] 2022 PMGC League Group Yellow Day 1 | PUBG MOBILE Global Championship
https://www.youtube.com/watch?v=FsjUpnJPoUo,FsjUpnJPoUo,[Bangla] 2022 PMGC League Group Yellow Day 1 | PUBG MOBILE Global Championship
https://www.youtube.com/watch?v=NXpSsoy52iM,NXpSsoy52iM,[Mongol] 2022 PMGC League Group Yellow Day 1 | PUBG MOBILE Global Championship
https://www.youtube.com/watch?v=XKpMZZPDThM,XKpMZZPDThM,[ENG] 2022 PMCO Asia Fall Split | Finals Day 2 | The Final Battle!
https://www.youtube.com/watch?v=RRLZZURifbg,RRLZZURifbg,[ENG] 2022 PMCO Asia Fall Split | Finals Day 1 | Top 16 Squads Are Here!
https://www.youtube.com/watch?v=IQY_GZX64EE,IQY_GZX64EE,[MONGOL] 2022 PMGC League Group Green Day 4 | PUBG MOBILE Global Championship
https://www.youtube.com/watch?v=mp4EB4_JK_Y,mp4EB4_JK_Y,[EN] 2022 PMGC League Group Green Day 4 | PUBG MOBILE Global Championship
https://www.youtube.com/watch?v=HlfLUqGeo8w,HlfLUqGeo8w,[NEP] 2022 PMGC League Group Green Day 4 | PUBG MOBILE Global Championship
https://www.youtube.com/watch?v=pMlmKcdENck,pMlmKcdENck,[NEP] 2022 PMGC League Group Green Day 3 | PUBG MOBILE Global Championship
https://www.youtube.com/watch?v=ou-QkffUKYE,ou-QkffUKYE,[EN] 2022 PMGC League Group Green Day 3 | PUBG MOBILE Global Championship
https://www.youtube.com/watch?v=yJ77JcrKlbo,yJ77JcrKlbo,[EN] 2022 PMGC League Group Green Day 2 | PUBG MOBILE Global Championship
https://www.youtube.com/watch?v=4YBHnPRtS0s,4YBHnPRtS0s,[MONGOL] 2022 PMGC League Group Green Day 2 | PUBG MOBILE Global Championship
https://www.youtube.com/watch?v=ECYjRIV1y-c,ECYjRIV1y-c,[NEP] 2022 PMGC League Group Green Day 2 | PUBG MOBILE Global Championship
https://www.youtube.com/watch?v=FWezCTyax3Q,FWezCTyax3Q,[Bangla] 2022 PMGC League Group Green Day 2 | PUBG MOBILE Global Championship
https://www.youtube.com/watch?v=Av24TH4RK4k,Av24TH4RK4k,[Bangla] 2022 PMGC League Group Green Day 1 | PUBG MOBILE Global Championship
https://www.youtube.com/watch?v=XWMnyT-XHU4,XWMnyT-XHU4,[EN] 2022 PMGC League Group Green Day 1 | PUBG MOBILE Global Championship
https://www.youtube.com/watch?v=G-xREhZBiCY,G-xREhZBiCY,[MONGOL] 2022 PMGC League Group Green Day 1 | PUBG MOBILE Global Championship
https://www.youtube.com/watch?v=kGP-f92DKrw,kGP-f92DKrw,[NEP] 2022 PMGC League Group Green Day 1 | PUBG MOBILE Global Championship
https://www.youtube.com/watch?v=NeQMJDHFuqU,NeQMJDHFuqU,[MONGOL] 2022 PMGC League Group Red Day 4 | PUBG MOBILE Global Championship
https://www.youtube.com/watch?v=bLUxVRTd8MY,bLUxVRTd8MY,[NEP] 2022 PMGC League Group Red Day 4 | PUBG MOBILE Global Championship
https://www.youtube.com/watch?v=Waytv06cIhg,Waytv06cIhg,[EN] 2022 PMGC League Group Red Day 4 | PUBG MOBILE Global Championship
https://www.youtube.com/watch?v=UxETDk0-AEQ,UxETDk0-AEQ,[Bangla] 2022 PMGC League Group Red Day 4 | PUBG MOBILE Global Championship
https://www.youtube.com/watch?v=VzTuUcHsjos,VzTuUcHsjos,[EN] 2022 PMGC League Group Red Day 3 | PUBG MOBILE Global Championship
https://www.youtube.com/watch?v=-BzEMwEEwuQ,-BzEMwEEwuQ,[NEP] 2022 PMGC League Group Red Day 3 | PUBG MOBILE Global Championship
https://www.youtube.com/watch?v=tc-FqmnX4k4,tc-FqmnX4k4,[MONGOL] 2022 PMGC League Group Red Day 3 | PUBG MOBILE Global Championship
https://www.youtube.com/watch?v=UU8umZ9RJ3Q,UU8umZ9RJ3Q,[EN] 2022 PMGC League Group Red Day 2 | PUBG MOBILE Global Championship
https://www.youtube.com/watch?v=ocELuoLISE0,ocELuoLISE0,[MONGOL] 2022 PMGC League Group Red Day 2 | PUBG MOBILE Global Championship
https://www.youtube.com/watch?v=aOV5RNBcPeU,aOV5RNBcPeU,[NEP] 2022 PMGC League Group Red Day 2 | PUBG MOBILE Global Championship
https://www.youtube.com/watch?v=Cv-Yzj3nQXc,Cv-Yzj3nQXc,[Bangla] 2022 PMGC League Group Red Day 2 | PUBG MOBILE Global Championship
https://www.youtube.com/watch?v=YkV6_03VwwU,YkV6_03VwwU,[EN] 2022 PMGC League Group Red Day 1 | PUBG MOBILE Global Championship
https://www.youtube.com/watch?v=Lanb-RvOdCs,Lanb-RvOdCs,[NEP] 2022 PMGC League Group Red Day 1 | PUBG MOBILE Global Championship
https://www.youtube.com/watch?v=_Cjzbxtrw_U,_Cjzbxtrw_U,[MONGOL] 2022 PMGC League Group Red Day 1 | PUBG MOBILE Global Championship
https://www.youtube.com/watch?v=Wx5RgJdKVH8,Wx5RgJdKVH8,[Bangla] 2022 PMGC League Group Red Day 1 | PUBG MOBILE Global Championship
https://www.youtube.com/watch?v=LnPKK-ZwQVs,LnPKK-ZwQVs,[EN] 2022 PMGC League Group Draw | PUBG MOBILE Global Championship
https://www.youtube.com/watch?v=D5LLGWM52zA,D5LLGWM52zA,[NP] 2022 PMPL South Asia Championship | Day 4 |  Who will take the Crown?
https://www.youtube.com/watch?v=06kOKnlbUKA,06kOKnlbUKA,[BANGLA] 2022 PMPL South Asia Championship | Day 4 | Who will take the Crown?
https://www.youtube.com/watch?v=k-52iSjwQIM,k-52iSjwQIM,[MN] 2022 PMPL South Asia Championship | Day 4 | Who will take the Crown?
https://www.youtube.com/watch?v=mMMBguGM1jI,mMMBguGM1jI,[MN] 2022 PMPL South Asia Championship | Day 3 | Can DRS Gaming Be Dethroned?
https://www.youtube.com/watch?v=Sgho0tegxlg,Sgho0tegxlg,[NP] 2022 PMPL South Asia Championship | Day 3 | Can DRS Gaming Be Dethroned?
https://www.youtube.com/watch?v=2oxRqp2SKg4,2oxRqp2SKg4,[EN] 2022 PMPL South Asia Championship | Day 3 | Can DRS Gaming Be Dethroned?
https://www.youtube.com/watch?v=FVcWWFer8tQ,FVcWWFer8tQ,[BANGLA] 2022 PMPL South Asia Championship | Day 3 | Can DRS Gaming Be Dethroned?
https://www.youtube.com/watch?v=vCcja0Gb2RU,vCcja0Gb2RU,[NP] 2022 PMPL South Asia Championship | Day 2 | Battle For Domination
https://www.youtube.com/watch?v=VMC7rP8Z7yg,VMC7rP8Z7yg,[EN] 2022 PMPL South Asia Championship | Day 2 | Battle For Domination
https://www.youtube.com/watch?v=JT78aZKEeFE,JT78aZKEeFE,[BANGLA] 2022 PMPL South Asia Championship | Day 2 | Battle For Domination
https://www.youtube.com/watch?v=Te_b87QSP-s,Te_b87QSP-s,[MN] 2022 PMPL South Asia Championship | Day 2 | Battle For Domination
https://www.youtube.com/watch?v=hFxm4VbniDA,hFxm4VbniDA,[NP] 2022 PMPL South Asia Championship | Day 1 | Title Worth Fighting For!
https://www.youtube.com/watch?v=1VahFASbdpQ,1VahFASbdpQ,[MN] 2022 PMPL South Asia Championship | Day 1 | Title Worth Fighting For!
https://www.youtube.com/watch?v=h4KHKu4F8kE,h4KHKu4F8kE,[BANGLA] 2022 PMPL South Asia Championship | Day 1 | Title Worth Fighting For!
https://www.youtube.com/watch?v=OEJMT8kHfk4,OEJMT8kHfk4,[MN] 2022 PMPL South Asia Fall Split | Grand Final Day 3 | Who will take South Asia&#39;s Crown?
https://www.youtube.com/watch?v=j1mruot6urA,j1mruot6urA,[EN] 2022 PMPL South Asia Fall Split | Grand Final Day 3 | Who will take South Asia&#39;s Crown?
https://www.youtube.com/watch?v=MY4hon6ZbDo,MY4hon6ZbDo,[NP] 2022 PMPL South Asia Fall Split | Grand Final Day 3 | Who will take South Asia&#39;s Crown?
https://www.youtube.com/watch?v=nUD3KYodmGQ,nUD3KYodmGQ,[BANGLA] 2022 PMPL South Asia Fall Split | Grand Final Day 3 | Who will take South Asia&#39;s Crown?
https://www.youtube.com/watch?v=2I8Dsx5bThg,2I8Dsx5bThg,[EN] 2022 PMPL South Asia Fall Split | Grand Finals Day 2 | Reemergence of Warriors?
https://www.youtube.com/watch?v=OAnpaDGZ8Cg,OAnpaDGZ8Cg,[MN] 2022 PMPL South Asia Fall Split | Grand Finals Day 2 | Reemergence of Warriors?
https://www.youtube.com/watch?v=CU3i306tUbA,CU3i306tUbA,[NP] 2022 PMPL South Asia Fall Split | Grand Finals Day 2 | Reemergence of Warriors?
https://www.youtube.com/watch?v=hP00_hTArjk,hP00_hTArjk,[BANGLA] 2022 PMPL South Asia Fall Split | Grand Finals Day 2 | Reemergence of Warriors?
https://www.youtube.com/watch?v=H-oojY-OTS0,H-oojY-OTS0,[EN] 2022 PMPL South Asia Fall Split | Grand Final Day 1 | Goliaths Collide!
https://www.youtube.com/watch?v=IxwX6BdawrM,IxwX6BdawrM,[BANGLA] 2022 PMPL South Asia Fall Split | Grand Final Day 1 | Goliaths Collide!
https://www.youtube.com/watch?v=8tsfghbHQkI,8tsfghbHQkI,[MN] 2022 PMPL South Asia Fall Split | Grand Final Day 1 | Goliaths Collide!
https://www.youtube.com/watch?v=XzDq2PITf5s,XzDq2PITf5s,[NP] 2022 PMPL South Asia Fall Split | Grand Final Day 1 | Goliaths Collide!
https://www.youtube.com/watch?v=xqh6w7QtEuU,xqh6w7QtEuU,[MN] 2022 PMPL South Asia Fall Split | Week 3 Day 5 | Who will Qualify for Grand Finals?
https://www.youtube.com/watch?v=ih0HeGBGCm0,ih0HeGBGCm0,[EN] 2022 PMPL South Asia Fall Split | Week 3 Day 5 | Who will Qualify for Grand Finals?
https://www.youtube.com/watch?v=mdBnOK4YyZo,mdBnOK4YyZo,[NP]  2022 PMPL South Asia Fall Split | Week 3 Day 4 | It&#39;s Now Or Never!
https://www.youtube.com/watch?v=x8PNC9gMEjY,x8PNC9gMEjY,[EN] 2022 PMPL South Asia Fall Split | Week 3 Day 4 | It&#39;s Now Or Never!
https://www.youtube.com/watch?v=oUmii1Eglvg,oUmii1Eglvg,[BANGLA]  2022 PMPL South Asia Fall Split | Week 3 Day 4 | It&#39;s Now Or Never!
https://www.youtube.com/watch?v=YijkK1HEE1M,YijkK1HEE1M,[MN]  2022 PMPL South Asia Fall Split | Week 3 Day 4 | It&#39;s Now Or Never!
https://www.youtube.com/watch?v=pZ8vwQ9iYpA,pZ8vwQ9iYpA,[EN] 2022 PMPL South Asia Fall Split | Week 3 Day 3 | Battle to Stay on Top
https://www.youtube.com/watch?v=PS1Ei-jef8I,PS1Ei-jef8I,[NP] 2022 PMPL South Asia Fall Split | Week 3 Day 3 | Battle to Stay on Top
https://www.youtube.com/watch?v=gaOXlQXybY4,gaOXlQXybY4,[MN] 2022 PMPL South Asia Fall Split | Week 3 Day 3 | Battle to Stay on Top
https://www.youtube.com/watch?v=xpVmK7gRnCw,xpVmK7gRnCw,[BANGLA] 2022 PMPL South Asia Fall Split | Week 3 Day 2 | Comeback Of Old Kings?
https://www.youtube.com/watch?v=cmUnDUnSFy4,cmUnDUnSFy4,[NP] 2022 PMPL South Asia Fall Split | Week 3 Day 2 | Comeback Of Old Kings?
https://www.youtube.com/watch?v=0GRIVqHWx-o,0GRIVqHWx-o,[EN] 2022 PMPL South Asia Fall Split | Week 3 Day 2 | Comeback Of Old Kings?
https://www.youtube.com/watch?v=b3FsPNd241U,b3FsPNd241U,[MN] 2022 PMPL South Asia Fall Split | Week 3 Day 2 | Comeback Of Old Kings?
https://www.youtube.com/watch?v=Ji4UeGCNtyY,Ji4UeGCNtyY,[NP] 2022 PMPL South Asia Fall Split | Week 3 Day 1 | Resurgence of Underdogs
https://www.youtube.com/watch?v=8LNsp0HvE7k,8LNsp0HvE7k,[MN] 2022 PMPL South Asia Fall Split | Week 3 Day 1 | Resurgence of Underdogs
https://www.youtube.com/watch?v=gf--fxHzglU,gf--fxHzglU,[BANGLA] 2022 PMPL South Asia Fall Split | Week 3 Day 1 | Resurgence of Underdogs
https://www.youtube.com/watch?v=5aoDsuefmOY,5aoDsuefmOY,[EN] 2022 PMPL South Asia Fall Split | Week 2 Day 5 | Who Will Be in Top 12?
https://www.youtube.com/watch?v=AmAYUhfovpQ,AmAYUhfovpQ,[BANGLA] 2022 PMPL South Asia Fall Split | Week 2 Day 5 | Who Will Be in Top 12?
https://www.youtube.com/watch?v=kFBosvXZ34c,kFBosvXZ34c,[MN] 2022 PMPL South Asia Fall Split | Week 2 Day 5 | Who Will Be in Top 12?
https://www.youtube.com/watch?v=0XCZ-NVZeWY,0XCZ-NVZeWY,[EN] 2022 PMPL South Asia Fall Split | Week 2 Day 4 | It&#39;s Toe to Toe
https://www.youtube.com/watch?v=tEghLMdGTgQ,tEghLMdGTgQ,[BANGLA] 2022 PMPL South Asia Fall Split | Week 2 Day 4 | It&#39;s Toe to Toe
https://www.youtube.com/watch?v=XMltyr90XX8,XMltyr90XX8,[EN] 2022 PMPL South Asia Fall Split | Week 2 Day 3 | Battle for Survival
https://www.youtube.com/watch?v=8oNRFEqhVsE,8oNRFEqhVsE,[NP] 2022 PMPL South Asia Fall Split | Week 2 Day 3 | Battle for Survival
https://www.youtube.com/watch?v=XIePGxtXePM,XIePGxtXePM,[EN] 2022 PMPL South Asia Fall Split | Week 2 Day 2 | Rise of New Heroes
https://www.youtube.com/watch?v=czEvh7tr2nU,czEvh7tr2nU,[NP] 2022 PMPL South Asia Fall Split | Week 2 Day 1 | New Week New Challenges
https://www.youtube.com/watch?v=H6Y7-899eY0,H6Y7-899eY0,[EN] 2022 PMPL South Asia Fall Split | Week 2 Day 1 | New Week New Challenges
https://www.youtube.com/watch?v=QRl1svGl-lQ,QRl1svGl-lQ,[NP] 2022 PMPL South Asia Fall Split | Week 1 Day 5 | Who will qualify for LIVIK?
https://www.youtube.com/watch?v=IuZ1s3c7FsM,IuZ1s3c7FsM,[MONG] 2022 PMPL South Asia Fall Split | Week 1 Day 5 | Who will qualify for LIVIK?
https://www.youtube.com/watch?v=rcnk_0VGaYE,rcnk_0VGaYE,[BANGLA] 2022 PMPL South Asia Fall Split | Week 1 Day 5 | Who will qualify for LIVIK?
https://www.youtube.com/watch?v=PAc6pUGkSVA,PAc6pUGkSVA,[BANGLA] 2022 PMPL South Asia Fall Split | Week 1 Day 4 | Will STE continue their domination?
https://www.youtube.com/watch?v=1LIjCX9-o7w,1LIjCX9-o7w,[NP] 2022 PMPL South Asia Fall Split | Week 1 Day 4 | Will STE continue their domination?
https://www.youtube.com/watch?v=e3bK7UyHHEs,e3bK7UyHHEs,[EN] 2022 PMPL South Asia Fall Split | Week 1 Day 4 | Will STE continue their domination?
https://www.youtube.com/watch?v=sTLyiQiNc0c,sTLyiQiNc0c,[EN] 2022 PMPL South Asia Fall Split | Week 1 Day 3 | Can They Make A Comeback?
https://www.youtube.com/watch?v=CjWHswJxaew,CjWHswJxaew,[BANGLA] 2022 PMPL South Asia Fall Split | Week 1 Day 3 | Will A1xNB Make a Comeback?
https://www.youtube.com/watch?v=cyB5qI1ghlM,cyB5qI1ghlM,[NP] 2022 PMPL South Asia Fall Split | Week 1 Day 3 | Will JyanMaara Make A Comeback?
https://www.youtube.com/watch?v=FKQLb_TMvEQ,FKQLb_TMvEQ,[NP] 2022 PMPL South Asia Fall Split | Week 1 Day 2 | Race to the Top
https://www.youtube.com/watch?v=qoTObVT9Dlg,qoTObVT9Dlg,[BANGLA] 2022 PMPL South Asia Fall Split | Week 1 Day 2 | Race to the Top
https://www.youtube.com/watch?v=EGx7e76pnRo,EGx7e76pnRo,[EN] 2022 PMPL South Asia Fall Split | Week 1 Day 2 | Race
https://www.youtube.com/watch?v=Ok8Gaje1vww,Ok8Gaje1vww,[MONG] 2022 PMPL South Asia Fall Split | Week 1 Day 2 | Race to the Top
https://www.youtube.com/watch?v=i02mQhNk2HM,i02mQhNk2HM,[NP] 2022 PMPL South Asia Fall Split | Week 1 Day 1 | Battle Begins
https://www.youtube.com/watch?v=1k4nZ3BjfIQ,1k4nZ3BjfIQ,[BANGLA] 2022 PMPL South Asia Fall Split | Week 1 Day 1 | Battle Begins
https://www.youtube.com/watch?v=oLHrViBItQs,oLHrViBItQs,[MONG] 2022 PMPL South Asia Fall Split | Week 1 Day 1 | Battle Begins
https://www.youtube.com/watch?v=AQ3QnLe-hXE,AQ3QnLe-hXE,[EN] 2022 PMPL South Asia Fall Split | Week 1 Day 1 | Battle Begins
https://www.youtube.com/watch?v=UPxY5M1cB7k,UPxY5M1cB7k,2022 PUBG MOBILE CAMPUS CHALLENGE - GRAND FINALE DAY 2
https://www.youtube.com/watch?v=Kskc015LZYc,Kskc015LZYc,[EN] 2022 PMWI Afterparty Day 3 | Gamers8 | PUBG MOBILE World Invitational
https://www.youtube.com/watch?v=JhGAoPX0iMY,JhGAoPX0iMY,[MONG] 2022 PMWI Afterparty Day 3 | Gamers8 | PUBG MOBILE World Invitational
https://www.youtube.com/watch?v=65TkgfvkOIM,65TkgfvkOIM,[NEPALI] 2022 PMWI Afterparty Day 3 | Gamers8 | PUBG MOBILE World Invitational
https://www.youtube.com/watch?v=gKoziQvfrZM,gKoziQvfrZM,[BENGALI] 2022 PMWI Afterparty Day 3 | Gamers8 | PUBG MOBILE World Invitational
https://www.youtube.com/watch?v=6vm9Aahxy40,6vm9Aahxy40,[EN] 2022 PMWI Afterparty Day 2 | Gamers8 | PUBG MOBILE World Invitational
https://www.youtube.com/watch?v=6ijrl28Jy2c,6ijrl28Jy2c,[MONG] 2022 PMWI Afterparty Day 2 | Gamers8 | PUBG MOBILE World Invitational
https://www.youtube.com/watch?v=TKD7pdjNuH0,TKD7pdjNuH0,[NEPALI] 2022 PMWI Afterparty Day 2 | Gamers8 | PUBG MOBILE World Invitational
https://www.youtube.com/watch?v=MROsXOqGlSI,MROsXOqGlSI,[BENGALI] 2022 PMWI Afterparty Day 2 | Gamers8 | PUBG MOBILE World Invitational
https://www.youtube.com/watch?v=UsuF8TwAQkU,UsuF8TwAQkU,[EN] 2022 PMWI Afterparty Day 1 | Gamers8 | PUBG MOBILE World Invitational
https://www.youtube.com/watch?v=oipWWyKDElw,oipWWyKDElw,[NEPALI] 2022 PMWI Afterparty Day 1 | Gamers8 | PUBG MOBILE World Invitational
https://www.youtube.com/watch?v=SCAUT_XkhGI,SCAUT_XkhGI,[MONG] 2022 PMWI Afterparty Day 1 | Gamers8 | PUBG MOBILE World Invitational
https://www.youtube.com/watch?v=yqxut8jehgk,yqxut8jehgk,[BENGALI] 2022 PMWI Afterparty Day 1 | Gamers8 | PUBG MOBILE World Invitational
https://www.youtube.com/watch?v=-kO22KNl4r4,-kO22KNl4r4,[EN] 2022 PMWI Day 3 | Gamers8 | PUBG MOBILE World Invitational
https://www.youtube.com/watch?v=roRRjrXT5_8,roRRjrXT5_8,[NEP] 2022 PMWI Day 3 | Gamers8 | PUBG MOBILE World Invitational
https://www.youtube.com/watch?v=UhlzEBII07c,UhlzEBII07c,[MONG] 2022 PMWI Day 3 | Gamers8 | PUBG MOBILE World Invitational
https://www.youtube.com/watch?v=kEq7ah2NxIQ,kEq7ah2NxIQ,[BENGALI] 2022 PMWI Day 3 | Gamers8 | PUBG MOBILE World Invitational
https://www.youtube.com/watch?v=2zREbT_bd0M,2zREbT_bd0M,[MONG] 2022 PMWI Day 2 | Gamers8 | PUBG MOBILE World Invitational
https://www.youtube.com/watch?v=L9vJwfodJRs,L9vJwfodJRs,[NEP] 2022 PMWI Day 2 | Gamers8 | PUBG MOBILE World Invitational
https://www.youtube.com/watch?v=Hpic5xyQT6s,Hpic5xyQT6s,[BENGALI] 2022 PMWI Day 2 | Gamers8 | PUBG MOBILE World Invitational
https://www.youtube.com/watch?v=Nm1XbevDnpU,Nm1XbevDnpU,[EN] 2022 PMWI Day 1 | Gamers8 | PUBG MOBILE World Invitational
https://www.youtube.com/watch?v=TO3u1cJ7M_0,TO3u1cJ7M_0,[BANGLA] 2022 PMWI Day 1 | Gamers8 | PUBG MOBILE World Invitational
https://www.youtube.com/watch?v=2p53Vuk3M8c,2p53Vuk3M8c,[MONG] 2022 PMWI Day 1 | Gamers8 | PUBG MOBILE World Invitational
https://www.youtube.com/watch?v=7aFKFyLYtRM,7aFKFyLYtRM,[NEP] 2022 PMWI Day 1 | Gamers8 | PUBG MOBILE World Invitational
https://www.youtube.com/watch?v=9qmyB0vg9o4,9qmyB0vg9o4,Grand Finals Day 3 | 2022 PUBG MOBILE Nepal Series
https://www.youtube.com/watch?v=_yb0JKS_gTY,_yb0JKS_gTY,Grand Finals Day 2 | 2022 PUBG MOBILE Nepal Series
https://www.youtube.com/watch?v=zXz6V0Bie6I,zXz6V0Bie6I,Grand Finals Day 1 | 2022 PUBG MOBILE Nepal Series
https://www.youtube.com/watch?v=0aLnStpm4Nk,0aLnStpm4Nk,Semi-Finals Day 2 | 2022 PUBG MOBILE NEPAL SERIES
https://www.youtube.com/watch?v=x28FbZY4K0U,x28FbZY4K0U,Semi-Finals Day 1 | 2022 PUBG MOBILE NEPAL SERIES
https://www.youtube.com/watch?v=ZvD0OpK2-iM,ZvD0OpK2-iM,[ENG] 2022 PMCO South Asia Spring Finals Day 2 | Who will conquer South Asia?
https://www.youtube.com/watch?v=LPZ29QQBSy8,LPZ29QQBSy8,[ENG] 2022 PMCO South Asia Spring Finals Day 1 | South Asian Warriors Lock Horns!
https://www.youtube.com/watch?v=i3cl9lclUtI,i3cl9lclUtI,[HINDI] 2022 PMPL South Asia Championship Day 4 | कौन साउथ एशिया के सिंहासन पर अपनी दावेदारी बनाएगा?
https://www.youtube.com/watch?v=ElesNvm5wwY,ElesNvm5wwY,[BENGALI] 2022 PMPL South Asia Championship Day 4 | দক্ষিণ এশিয়ার শ্রেষ্ঠত্বের মুকুট হবে কার?
https://www.youtube.com/watch?v=3aFacWRX9RQ,3aFacWRX9RQ,[NEPALI] 2022 PMPL South Asia Championship Day 4 | दक्षिण एसियाको सिंहासन कसले दावी गर्ला ?
https://www.youtube.com/watch?v=1XTFJaUOWdU,1XTFJaUOWdU,[HINDI] 2022 PMPL South Asia Championship Day 3 | किन टीमों के द्वारा आज हमे वापसी देखने को मिलेगी?
https://www.youtube.com/watch?v=V3SHAX6Z9-A,V3SHAX6Z9-A,[MONG] 2022 PMPL South Asia Championship Day 3 | Which Teams Will Make A Comeback Today?
https://www.youtube.com/watch?v=qHYdcIpOJZ4,qHYdcIpOJZ4,[EN] 2022 PMPL South Asia Championship Day 3 | Which Teams Will Make A Comeback Today?
https://www.youtube.com/watch?v=MTnSLVZmbKs,MTnSLVZmbKs,[NEPALI] 2022 PMPL South Asia Championship Day 3 | आज कुन टिमले Comeback गर्ने ?
https://www.youtube.com/watch?v=8tWFaaq18sk,8tWFaaq18sk,[NEPALI] 2022 PMPL South Asia Championship Day 2 | Stalwart र Jyanmaara Esports बदलाको खोजीमा।
https://www.youtube.com/watch?v=AgbOsapG1ZU,AgbOsapG1ZU,[HINDI] 2022 PMPL South Asia Championship Day 2 | Stalwart और Jyanmaara दोनो प्रतिशोध की तलाश में
https://www.youtube.com/watch?v=cTpxvM7kPdM,cTpxvM7kPdM,[MONG] 2022 PMPL South Asia Championship Day 2 | Stalwart &amp; JyanMaara esports on seek for vengeance
https://www.youtube.com/watch?v=B01caEDcozU,B01caEDcozU,[BEN] ২০২২ পাবজি মোবাইল প্রো লিগ সাউথ এশিয়া চ্যাম্পিয়নশিপ ডে-১। সাউথ এশিয়ার রাজত্ব হাসিলের লড়াই শুরু
https://www.youtube.com/watch?v=hnrfMIsk5WI,hnrfMIsk5WI,[HINDI] २०२२ PMPL साउथ एशिया चैंपियनशिप पहला दिन | साउथ एशिया के सिंहासन की लड़ाई आरंभ हो चुकी है
https://www.youtube.com/watch?v=ID7Jbe8csEM,ID7Jbe8csEM,[MONG] 2022 PMPL South Asia Championship Day 1 | The Battle For South Asia&#39;s Throne Begins!
https://www.youtube.com/watch?v=ChNnTRvGolM,ChNnTRvGolM,[URDU] 2022 پی ایم پی ایل جنوبی ایشیا چمپین شپ دن 1 | جنوبی ایشیا کے تخت کی جنگ شروع ہے
https://www.youtube.com/watch?v=U8Wdj_roKKE,U8Wdj_roKKE,[नेपाली] २०२२ PMPL दक्षिण एशिया च्याम्पियनसिप पहिलो दिन | दक्षिण एसियाको सिंहासनको लागि युद्ध
https://www.youtube.com/watch?v=CbJqDTABrW4,CbJqDTABrW4,[HINDI] 2022 PMPL South Asia Finals Day 3 | Spring | Who will become South Asia&#39;s New Champion?
https://www.youtube.com/watch?v=dRJIO59bDsc,dRJIO59bDsc,[EN] 2022 PMPL South Asia Finals Day 3 | Spring | Who will become South Asia&#39;s New Champion?
https://www.youtube.com/watch?v=dPk-8tb1Zcc,dPk-8tb1Zcc,[NEPALI] 2022 PMPL South Asia Finals Day 3 | Spring | Who will become South Asia&#39;s New Champion?
https://www.youtube.com/watch?v=JlGQsEpKUyg,JlGQsEpKUyg,[NEPALI] 2022 PMPL South Asia Finals Day 2 | Spring | Who will Prove their Mettle
https://www.youtube.com/watch?v=4zxFf728GwY,4zxFf728GwY,[HINDI] 2022 PMPL South Asia Finals Day 2 | Spring | Who will Prove their Mettle
https://www.youtube.com/watch?v=LoY47UJc0jk,LoY47UJc0jk,[EN] 2022 PMPL South Asia Finals Day 2 | Spring | Who will Prove their Mettle
https://www.youtube.com/watch?v=GtggWUHhs-c,GtggWUHhs-c,[HINDI] 2022 PMPL South Asia Grand Finals Day 1 | Spring | Who will Start on a High?
https://www.youtube.com/watch?v=_T0xa7s93Xc,_T0xa7s93Xc,[NEPALI] 2022 PMPL South Asia Grand Finals Day 1 | Spring | Who will Start on a High?
https://www.youtube.com/watch?v=ks-ZLUp-Cy4,ks-ZLUp-Cy4,[ENG] 2022 PMPL Pakistan Finals Day 3 | Who will become Pakistan’s First Champion?
https://www.youtube.com/watch?v=LhXoDbGJT80,LhXoDbGJT80,[BENGALI] 2022 PMPL South Asia Superweekend 3 Day 3 | Spring | Grand Finals Calling
https://www.youtube.com/watch?v=_8uNmueJWX8,_8uNmueJWX8,[HINDI] 2022 PMPL South Asia Superweekend 3 Day 3 | Spring | Grand Finals Calling
https://www.youtube.com/watch?v=WnlZHpXCs9Y,WnlZHpXCs9Y,[ENG] 2022 PMPL Pakistan Finals Day 2 | Spring | It&#39;s Now or Never
https://www.youtube.com/watch?v=JZjX5ukrtXM,JZjX5ukrtXM,[BENGALI] 2022 PMPL South Asia Superweekend 3 Day 2 | Spring | Time To Up the Ante
https://www.youtube.com/watch?v=jLVJ3oWC2mI,jLVJ3oWC2mI,[EN] 2022 PMPL South Asia Superweekend 3 Day 2| Spring | Time To Up the Ante
https://www.youtube.com/watch?v=1h0j-m4cS2Y,1h0j-m4cS2Y,[MONGOLIAN] 2022 PMPL South Asia Superweekend 3 Day 2 | Spring | Time To Up the Ante
https://www.youtube.com/watch?v=Oyy9rC1BVBU,Oyy9rC1BVBU,[NEPALI] 2022 PMPL South Asia Superweekend 3 Day 2 | Spring | Time To Up the Ante
https://www.youtube.com/watch?v=sUgNXIn5jNs,sUgNXIn5jNs,[EN] 2022 PMPL South Asia Superweekend 3 Day 1 | Spring | Last Road To Grand Finals
https://www.youtube.com/watch?v=VgdEfsjH6SU,VgdEfsjH6SU,[BENGALI] 2022 PMPL South Asia Superweekend 3 Day 1 | Spring | Last Road To Grand Finals
https://www.youtube.com/watch?v=T1S8JkJSCBM,T1S8JkJSCBM,[HINDI] 2022 PMPL South Asia Superweekend 3 Day 1 | Spring | Last Road To Grand Finals
https://www.youtube.com/watch?v=pAIUr8S1Ez0,pAIUr8S1Ez0,[NEPALI] 2022 PMPL South Asia Superweekend 3 Day 1 | Spring | Last Road To Grand Finals
https://www.youtube.com/watch?v=sV-2he_8a10,sV-2he_8a10,[NEPALI] 2022 PMPL South Asia Superweekend 2 Day 3 | Spring | Test of the Best
https://www.youtube.com/watch?v=U1UEBAkj914,U1UEBAkj914,[BENGALI] 2022 PMPL South Asia Superweekend 2 Day 3 | Spring | Test of the Best
https://www.youtube.com/watch?v=FisTJQYgx-Q,FisTJQYgx-Q,[EN] 2022 PMPL South Asia Superweekend 2 Day 3 | Spring | Test of the Best
https://www.youtube.com/watch?v=7B7L8USYsE0,7B7L8USYsE0,[HINDI] 2022 PMPL South Asia Superweekend 2 Day 3 | Spring | Test of the Best
https://www.youtube.com/watch?v=1qFI3TuB-e0,1qFI3TuB-e0,[MONGOLIAN]  2022 PMPL South Asia Superweekend 2 Day 3 | Spring | Test of the Best
https://www.youtube.com/watch?v=hWe0L8QScFc,hWe0L8QScFc,[HINDI] 2022 PMPL South Asia League Play Week 3 Day 2 | It&#39;s Now or Never
https://www.youtube.com/watch?v=DXbss6KZLno,DXbss6KZLno,[BENGALI] 2022 PMPL South Asia League Play Week 3 Day 2 | It&#39;s Now or Never
https://www.youtube.com/watch?v=RnQI7_dQoRU,RnQI7_dQoRU,[EN] 2022 PMPL South Asia League Play Week 3 Day 2 | It&#39;s Now or Never
https://www.youtube.com/watch?v=WjiCLB79HqU,WjiCLB79HqU,[EN] 2022 PMPL South Asia League Play Week 3 Day 1 | Spring | One Last Ride
https://www.youtube.com/watch?v=WOZ36BWB_gQ,WOZ36BWB_gQ,[NEPALI] 2022 PMPL South Asia League Play Week 3 Day 1 | Spring | One Last Ride
https://www.youtube.com/watch?v=bwlN_BQSovg,bwlN_BQSovg,[HINDI] 2022 PMPL South Asia League Play Week 3 Day 1 | Spring | One Last Ride
https://www.youtube.com/watch?v=7-cz6YTw2gw,7-cz6YTw2gw,[BENGALI] 2022 PMPL South Asia League Play Week 3 Day 1 | Spring | One Last Ride
https://www.youtube.com/watch?v=2cZjMnYQ5Bw,2cZjMnYQ5Bw,[HINDI] 2022 PMPL South Asia Superweekend 2 Day 3 | Spring | Test of the Best
https://www.youtube.com/watch?v=rCPJHUqwMiQ,rCPJHUqwMiQ,[BENGALI] 2022 PMPL South Asia Superweekend 2 Day 3 | Spring | Test of the Best
https://www.youtube.com/watch?v=Xis2e-GNx94,Xis2e-GNx94,[EN] 2022 PMPL South Asia Superweekend 2 Day 3 | Spring | Test of the Best
https://www.youtube.com/watch?v=zd_FqtFVwqE,zd_FqtFVwqE,[NEPALI] 2022 PMPL South Asia Superweekend 2 Day 3 | Spring | Test of the Best
https://www.youtube.com/watch?v=wKgNnAbg8uQ,wKgNnAbg8uQ,[BENGALI]  2022 PMPL South Asia Superweekend 2 Day 2 | Spring | Time to level Up
https://www.youtube.com/watch?v=gA8R4cV4Mys,gA8R4cV4Mys,[EN]  2022 PMPL South Asia Superweekend 2 Day 2 | Spring | Time to level Up
https://www.youtube.com/watch?v=sm8tNR1ZFwQ,sm8tNR1ZFwQ,[EN] 2022 PMPL South Asia Superweekend 2 Day 1 | Spring | No Looking Back Now
https://www.youtube.com/watch?v=z-npuEKoEs8,z-npuEKoEs8,[NEPALI]2022 PMPL South Asia Superweekend 2 Day 1 | Spring | No Looking Back Now
https://www.youtube.com/watch?v=Y80MeL36NrY,Y80MeL36NrY,[EN] 2022 PMPL South Asia League Play Week 2 Day 2 | Spring | Who Will Qualify?
https://www.youtube.com/watch?v=ZsgqQg1yUOE,ZsgqQg1yUOE,[EN] 2022 PMPL South Asia League Play Week 2 Day 1 | Spring | Start from Zero again
https://www.youtube.com/watch?v=7uMed0hM1CE,7uMed0hM1CE,[BENGALI]  2022 PMPL South Asia League Play Week 2 Day 1 | Spring | Start from Zero again
https://www.youtube.com/watch?v=U97-D1-TVZs,U97-D1-TVZs,[NEPALI] 2022 PMPL South Asia League Play Week 2 Day 1 | Spring | Start from Zero again
https://www.youtube.com/watch?v=RwIQ1lzSyQ4,RwIQ1lzSyQ4,[HINDI] 2022 PMPL South Asia League Play Week 2 Day 1 | Spring | Start from Zero again
https://www.youtube.com/watch?v=9kFUTpvK238,9kFUTpvK238,[NEPALI] 2022 PMPL South Asia Superweekend 1 Day 3 | Spring | Last Chance For A Comeback
https://www.youtube.com/watch?v=PQfceCky4T8,PQfceCky4T8,[BENGALI]  2022 PMPL South Asia Superweekend 1 Day 3 | Spring | Last Chance For A Comeback
https://www.youtube.com/watch?v=_oZKguSMOuw,_oZKguSMOuw,[HINDI]  2022 PMPL South Asia Superweekend 1 Day 3 | Spring | Last Chance For A Comeback
https://www.youtube.com/watch?v=tFIHkLpaaMU,tFIHkLpaaMU,[EN]  2022 PMPL South Asia Superweekend 1 Day 3 | Spring | Last Chance For A Comeback
https://www.youtube.com/watch?v=octphkWomAo,octphkWomAo,[HINDI] 2022 PMPL South Asia Superweekend 1 Day 2 | Spring | Day of Sheer Dominance
https://www.youtube.com/watch?v=GYcyK7FXelY,GYcyK7FXelY,[NEPALI] 2022 PMPL South Asia Superweekend 1 Day 2 | Spring | Day of Sheer Dominance
https://www.youtube.com/watch?v=roy9gUy7X34,roy9gUy7X34,[EN]  2022 PMPL South Asia Superweekend 1 Day 2 | Spring | Day of Sheer Dominance
https://www.youtube.com/watch?v=qhucYgsGB8Y,qhucYgsGB8Y,[HINDI] 2022 PMPL South Asia League Superweekend 1 Day 1 | Spring | Who will take an early lead
https://www.youtube.com/watch?v=fQsrZSBp_Gw,fQsrZSBp_Gw,[BENGALI] 2022 PMPL South Asia League Superweekend 1 Day 1 | Spring | Who will take an early lead
https://www.youtube.com/watch?v=TF_BStJhB-E,TF_BStJhB-E,[NEPALI] 2022 PMPL South Asia League Superweekend 1 Day 1 | Spring | Who will take an early lead
https://www.youtube.com/watch?v=_T3HckuPEys,_T3HckuPEys,[EN] 2022 2022 PMPL South Asia League Superweekend 1 Day 1 | Spring | Who will take an early lead
https://www.youtube.com/watch?v=YG89lLP3gYE,YG89lLP3gYE,[EN] 2022 PMPL South Asia League Play Week 1 Day 2 | Spring | Fight For Superweekend Spot
https://www.youtube.com/watch?v=d1sffwYIBEg,d1sffwYIBEg,[BENGALI] 2022 PMPL South Asia League Play Week 1 Day 2 | Spring | Fight For Superweekend Spot
https://www.youtube.com/watch?v=-WYgI4slonU,-WYgI4slonU,[NEPALI] 2022 PMPL South Asia League Play Week 1 Day 2 | Spring | Fight For Superweekend Spot
https://www.youtube.com/watch?v=H9uYJUCBlOM,H9uYJUCBlOM,[EN] 2022 PMPL South Asia League Play Week 1 Day 1 | Spring | Top Squads Ready To Rumble
https://www.youtube.com/watch?v=cotRQ7fB3gk,cotRQ7fB3gk,[HINDI] 2022 PMPL South Asia League Play Week 1 Day 1 | Spring | Top Squads Ready To Rumble
https://www.youtube.com/watch?v=GaNxoVc5moU,GaNxoVc5moU,[NEPALI] 2022 PMPL South Asia League Play Week 1 Day 1 | Spring | Top Squads Ready To Rumble
https://www.youtube.com/watch?v=5utUGX2ArkI,5utUGX2ArkI,[EN] 2022 PMPL South Asia Qualifiers Day 3 | Spring | Last Chance To Qualify
https://www.youtube.com/watch?v=rRAzjBHt7Kg,rRAzjBHt7Kg,[BENGALI] 2022 PMPL South Asia Qualifiers Day 2 | Spring | Who Will Advance To PMPL?
https://www.youtube.com/watch?v=ZC1eO8Qn_Tg,ZC1eO8Qn_Tg,[NEPALI] 2022 PMPL South Asia Qualifiers Day 1 | Spring | The Fight For Qualification!
https://www.youtube.com/watch?v=TQk6gk9owV0,TQk6gk9owV0,[BENGALI] 2022 PMPL South Asia Qualifiers Day 1 | Spring | The Fight For Qualification!
https://www.youtube.com/watch?v=YvwvhlmSZoE,YvwvhlmSZoE,[EN] PMGC 2021 Grand Finals | Day 3 | PUBG MOBILE Global Championship
https://www.youtube.com/watch?v=T18A3TuJo7k,T18A3TuJo7k,[HINDI] PMGC 2021 Grand Finals | Day 3 | PUBG MOBILE Global Championship
https://www.youtube.com/watch?v=yH_6K-3tjGg,yH_6K-3tjGg,[नेपाली] PMGC २०२१ फाइनल | दिन 3 | PUBG Mobile Global Championship
https://www.youtube.com/watch?v=sKT9tdDJs2E,sKT9tdDJs2E,[BENGALI] PMGC ২০২১ গ্র্যান্ড ফাইনাল |  দিন 3 | PUBG MOBILE Global Championship
https://www.youtube.com/watch?v=m-F3SGjm_GA,m-F3SGjm_GA,[UR] PMGC 2021 Grand Finals | Day 3 | PUBG MOBILE Global Championship
https://www.youtube.com/watch?v=ly3mFMwMc1M,ly3mFMwMc1M,[MONGOLIAN] PMGC 2021 Grand Finals | 3 өдөр | PUBG MOBILE дэлхийн аварга шалгаруулах тэмцээн
https://www.youtube.com/watch?v=KkELLdNE1Jo,KkELLdNE1Jo,[Bengali Watch Party] PMGC 2021 League East | Grand Finale Day 3| PUBG MOBILE Global Championship
https://www.youtube.com/watch?v=VKNQRj8H93g,VKNQRj8H93g,[EN] PMGC 2021 Grand Finals | Day 2 | PUBG MOBILE Global Championship
https://www.youtube.com/watch?v=FxDSW-zpEhQ,FxDSW-zpEhQ,[नेपाली] PMGC २०२१ फाइनल | दिन 2 | PUBG Mobile Global Championship
https://www.youtube.com/watch?v=OnXfM3842Jk,OnXfM3842Jk,[HINDI] PMGC 2021 Grand Finals | Day 2 | PUBG MOBILE Global Championship
https://www.youtube.com/watch?v=zA-P56gh-DI,zA-P56gh-DI,[MONGOLIAN] PMGC 2021 Grand Finals | 2 өдөр | PUBG MOBILE дэлхийн аварга шалгаруулах тэмцээн
https://www.youtube.com/watch?v=liwCshzu8LU,liwCshzu8LU,[UR] PMGC 2021 Grand Finals | Day 2 | PUBG MOBILE Global Championship
https://www.youtube.com/watch?v=kO7d9RZIb3I,kO7d9RZIb3I,[EN] PMGC 2021 Grand Finals | Day 1 | PUBG MOBILE Global Championship
https://www.youtube.com/watch?v=WGgTJEs7VcM,WGgTJEs7VcM,[BENGALI] PMGC ২০২১ গ্র্যান্ড ফাইনাল |  দিন 1 | PUBG MOBILE Global Championship
https://www.youtube.com/watch?v=WmhpP6MDQtw,WmhpP6MDQtw,[नेपाली] PMGC २०२१ फाइनल | दिन 1 | PUBG Mobile Global Championship
https://www.youtube.com/watch?v=3O7hF3u904U,3O7hF3u904U,[MONGOLIAN] PMGC 2021 Grand Finals | 1 өдөр | PUBG MOBILE дэлхийн аварга шалгаруулах тэмцээн
https://www.youtube.com/watch?v=QGg3jYT6EQs,QGg3jYT6EQs,[Bengali Watch Party] PMGC 2021 League East | Grand Finale Day 1| PUBG MOBILE Global Championship
https://www.youtube.com/watch?v=-fFwQPXU9Eo,-fFwQPXU9Eo,[UR] PMGC 2021 Grand Finals | Day 1 | PUBG MOBILE Global Championship
https://www.youtube.com/watch?v=3Ny0biEMKzs,3Ny0biEMKzs,[ENG] PMSC South Asia Day 2 | 16 All-Stars - 16 Challengers | 5 countries
https://www.youtube.com/watch?v=7i8jtjcU4i0,7i8jtjcU4i0,[BENGALI] PMSC South Asia Day 1 | 16 All-Stars - 16 Challengers | 5 countries
https://www.youtube.com/watch?v=puQV4daUSrg,puQV4daUSrg,[ENG] PMSC South Asia Day 1 | 16 All-Stars - 16 Challengers | 5 countries
https://www.youtube.com/watch?v=afqiWQRkk9Q,afqiWQRkk9Q,[NEPALI] PMSC South Asia Day 1 | 16 All-Stars - 16 Challengers | 5 countries
https://www.youtube.com/watch?v=ICIceD4gfxo,ICIceD4gfxo,[Urdu Watch Party]  PMGC 2023 League East | Finals Day 3 | PUBG MOBILE Global Championship
https://www.youtube.com/watch?v=i_1JmgyTeAc,i_1JmgyTeAc,[Nepali] PMGC 2021 League East | Finals Day 3 | PUBG MOBILE Global Championship
https://www.youtube.com/watch?v=lJ5qR2IWZjs,lJ5qR2IWZjs,[EN] PMGC 2021 League East | Finals Day 3 | PUBG MOBILE Global Championship
https://www.youtube.com/watch?v=3tOGzhiu_e4,3tOGzhiu_e4,[Hindi] PMGC 2021 League East | Finals Day 3 | PUBG MOBILE Global Championship
https://www.youtube.com/watch?v=NgjZTjBxmyY,NgjZTjBxmyY,[Urdu] PMGC 2021 League East | Finals Day 2 | PUBG MOBILE Global Championship
https://www.youtube.com/watch?v=AH6n27drIwI,AH6n27drIwI,[Nepali] PMGC 2021 League East | Finals Day 2 | PUBG MOBILE Global Championship
https://www.youtube.com/watch?v=gWDhJG2pCGQ,gWDhJG2pCGQ,[EN] PMGC 2021 League East | Finals Day 2 | PUBG MOBILE Global Championship
https://www.youtube.com/watch?v=89xhPtsM8BI,89xhPtsM8BI,[Nepali] PMGC 2021 League East | Finals Day 1 | PUBG MOBILE Global Championship
https://www.youtube.com/watch?v=CHCeILJBKcI,CHCeILJBKcI,[Urdu] PMGC 2021 League East | Finals Day 1 | PUBG MOBILE Global Championship
https://www.youtube.com/watch?v=nB_qE6vicdM,nB_qE6vicdM,[Hindi] PMGC 2021 League East | Finals Day 1 | PUBG MOBILE Global Championship
https://www.youtube.com/watch?v=Ncu2pDEosQM,Ncu2pDEosQM,[Bengali Watch Party] PMGC 2021 League East | Finals Day 1 | PUBG MOBILE Global Championship
https://www.youtube.com/watch?v=LFp45CNmqnk,LFp45CNmqnk,[Urdu] PMGC 2021 League East | Super Weekend 3 Day 3 | PUBG MOBILE Global Championship
https://www.youtube.com/watch?v=wK53G3G84fE,wK53G3G84fE,[EN] PMGC 2021 League East | Super Weekend 3 Day 3 | PUBG MOBILE Global Championship
https://www.youtube.com/watch?v=fmn5NTNJ6hI,fmn5NTNJ6hI,[Urdu] PMGC 2021 League East | Super Weekend 3 Day 2 | PUBG MOBILE Global Championship
https://www.youtube.com/watch?v=F3nBO368miE,F3nBO368miE,[Nepali] PMGC 2021 League East | Super Weekend 3 Day 2 | PUBG MOBILE Global Championship
https://www.youtube.com/watch?v=dELrT_8z4r0,dELrT_8z4r0,[Hindi] PMGC 2021 League East | Super Weekend 3 Day 1 | PUBG MOBILE Global Championship
https://www.youtube.com/watch?v=lvqZ9eUPVyc,lvqZ9eUPVyc,[EN] PMGC 2021 League East | Super Weekend 3 Day 1 | PUBG MOBILE Global Championship
https://www.youtube.com/watch?v=hk5QaEWzdnM,hk5QaEWzdnM,[Nepali] PMGC 2021 League East | Super Weekend 3 Day 1 | PUBG MOBILE Global Championship
https://www.youtube.com/watch?v=tGk4b5J05bw,tGk4b5J05bw,[Nepali] PMGC 2021 League East | Week 3 Day 2 | PUBG MOBILE Global Championship
https://www.youtube.com/watch?v=FXfwILqFfCQ,FXfwILqFfCQ,[Hindi] PMGC 2021 League East | Week 3 Day 1 | PUBG MOBILE Global Championship
https://www.youtube.com/watch?v=3aNQJgZz0dU,3aNQJgZz0dU,[EN] PMGC 2021 League East | Week 3 Day 1 | PUBG MOBILE Global Championship
https://www.youtube.com/watch?v=BS1_0vOFYUM,BS1_0vOFYUM,[Urdu] PMGC 2021 League East | Week 3 Day 1 | PUBG MOBILE Global Championship
https://www.youtube.com/watch?v=BbnJfxrVEOo,BbnJfxrVEOo,[Nepali] PMGC 2021 League East | Week 3 Day 1 | PUBG MOBILE Global Championship
https://www.youtube.com/watch?v=_Kk_pZQiZIY,_Kk_pZQiZIY,[Hindi] PMGC 2021 League East | Super Weekend 2 Day 3 | PUBG MOBILE Global Championship
https://www.youtube.com/watch?v=xACWreWyQT0,xACWreWyQT0,[Nepali] PMGC 2021 League East | Super Weekend 2 Day 3 | PUBG MOBILE Global Championship
https://www.youtube.com/watch?v=BXWQBzUB7ng,BXWQBzUB7ng,[Hindi] PMGC 2021 League East | Super Weekend 2 Day 2 | PUBG MOBILE Global Championship
https://www.youtube.com/watch?v=hlnl8lhHenE,hlnl8lhHenE,[EN] PMGC 2021 League East | Super Weekend 2 Day 2 | PUBG MOBILE Global Championship
https://www.youtube.com/watch?v=8NAl4ujbvZw,8NAl4ujbvZw,[Nepali] PMGC 2021 League East | Super Weekend 2 Day 2 | PUBG MOBILE Global Championship
https://www.youtube.com/watch?v=Y5mWfjSNqTI,Y5mWfjSNqTI,[EN] PMGC 2021 League East | Super Weekend 2 Day 1 | PUBG MOBILE Global Championship
https://www.youtube.com/watch?v=LswdNZeupi4,LswdNZeupi4,[Hindi] PMGC 2021 League East | Super Weekend 2 Day 1 | PUBG MOBILE Global Championship
https://www.youtube.com/watch?v=hRWQVtVQISg,hRWQVtVQISg,[Nepali] PMGC 2021 League East | Super Weekend 2 Day 1 | PUBG MOBILE Global Championship
https://www.youtube.com/watch?v=zu_5QG7fDhc,zu_5QG7fDhc,[Nepali] PMGC 2021 League East | Week 2 Day 2 | PUBG MOBILE Global Championship
https://www.youtube.com/watch?v=GrMiZNQ28UI,GrMiZNQ28UI,[EN] PMGC 2021 League East | Week 2 Day 2 | PUBG MOBILE Global Championship
https://www.youtube.com/watch?v=3Yv5arQRG2A,3Yv5arQRG2A,[Nepali] PMGC 2021 League East | Week 2 Day 1 | PUBG MOBILE Global Championship
https://www.youtube.com/watch?v=1f93EogJzPI,1f93EogJzPI,[Hindi] PMGC 2021 League East | Week 2 Day 1 | PUBG MOBILE Global Championship
https://www.youtube.com/watch?v=9ICjuSYZ_oY,9ICjuSYZ_oY,[EN] PMGC 2021 League East | Week 2 Day 1 | PUBG MOBILE Global Championship
https://www.youtube.com/watch?v=2fK3zg-LuP8,2fK3zg-LuP8,[EN] PMGC 2021 League East | Super Weekend 1 Day 3 | PUBG MOBILE Global Championship
https://www.youtube.com/watch?v=zYGO8-XM6vA,zYGO8-XM6vA,[Nepali] PMGC 2021 League East | Super Weekend 1 Day 3 | PUBG MOBILE Global Championship
https://www.youtube.com/watch?v=m_rVmbHGklU,m_rVmbHGklU,[اردو] پی ایم جی سی 2021 مشرق لیگ | پہلے سپر ویکینڈ کا تیسرا دن | پبجی موبائل عالمی چیمپئن شپ
https://www.youtube.com/watch?v=BG0C--gRrXg,BG0C--gRrXg,[Hindi] PMGC 2021 League East | Super Weekend 1 Day 3 | PUBG MOBILE Global Championship
https://www.youtube.com/watch?v=4e4JnwqUIUU,4e4JnwqUIUU,[Nepali] PMGC 2021 League East | Super Weekend 1 Day 2 | PUBG MOBILE Global Championship
https://www.youtube.com/watch?v=fAdqEoGc3h4,fAdqEoGc3h4,[EN] PMGC 2021 League East | Super Weekend 1 Day 2 | PUBG MOBILE Global Championship
https://www.youtube.com/watch?v=z_Cxv6phiFg,z_Cxv6phiFg,[اردو] پی ایم جی سی 2021 مشرق لیگ | پہلے سپر ویکینڈ کا دوسرا دن | پبجی موبائل عالمی چیمپئن شپ
https://www.youtube.com/watch?v=TZbfnfr2Nss,TZbfnfr2Nss,[Hindi] PMGC 2021 League East | Super Weekend 1 Day 2 | PUBG MOBILE Global Championship
https://www.youtube.com/watch?v=IVu4lLwMrgE,IVu4lLwMrgE,[Nepali] PMGC 2021 League East | Super Weekend 1 Day 1 | PUBG MOBILE Global Championship
https://www.youtube.com/watch?v=rvNVjk7q2cs,rvNVjk7q2cs,[EN] PMGC 2021 League East | Super Weekend 1 Day 1 | PUBG MOBILE Global Championship
https://www.youtube.com/watch?v=YUM8l0MLIlA,YUM8l0MLIlA,[EN] PMGC 2021 League East | Week 1 Day 2 | PUBG MOBILE Global Championship
https://www.youtube.com/watch?v=GaDCDvCcG9s,GaDCDvCcG9s,اردو : پی ایم جی سی ۲۰۲۱ مشرق لیگ | پہلے ہفتے کا دوسرا دن | پب جی موبائل عالمی چیمپئن شپ
https://www.youtube.com/watch?v=s_Y96jshgZQ,s_Y96jshgZQ,[Hindi] PMGC 2021 League East | Week 1 Day 1 | PUBG MOBILE Global Championship
https://www.youtube.com/watch?v=UtKwY4ALjww,UtKwY4ALjww,[EN] PMGC 2021 League East | Week 1 Day 1 | PUBG MOBILE Global Championship
https://www.youtube.com/watch?v=5ghMXEMSigk,5ghMXEMSigk,[Nepali] PMGC 2021 League East | Week 1 Day 1 | PUBG MOBILE Global Championship
https://www.youtube.com/watch?v=bLZJevoIQa4,bLZJevoIQa4,[HINDI] PMPL MENA &amp; South Asia Championship S1 Finals Day 2 | The Final Showdown for PMGC Spots!
https://www.youtube.com/watch?v=2xSLd0YwV_g,2xSLd0YwV_g,[URDU] PMPL MENA &amp; South Asia Championship S1 Finals Day 2 | The Final Showdown for PMGC Spots!
https://www.youtube.com/watch?v=aSjTaz6N3d8,aSjTaz6N3d8,"[HINDI] PMPL MENA &amp; South Asia Championship S1 Finals Day 1 | Top 16 Squads, Only 1 Champion!"
https://www.youtube.com/watch?v=NVp8jIcTbhU,NVp8jIcTbhU,"[EN] PMPL MENA &amp; South Asia Championship S1 Finals Day 1 | Top 16 Squads, Only 1 Champion!"
https://www.youtube.com/watch?v=XYHqF7t_MkQ,XYHqF7t_MkQ,"[BENGALI] PMPL MENA &amp; South Asia Championship S1 Finals Day 1 | Top 16 Squads, Only 1 Champion!"
https://www.youtube.com/watch?v=oWW8J9eLESw,oWW8J9eLESw,[NEPALI] PMPL MENA &amp; South Asia Championship League S1 Day 4 | Top Squads Battle for a Finals Spot!
https://www.youtube.com/watch?v=JT1fo6GFg-U,JT1fo6GFg-U,[HINDI] PMPL MENA &amp; South Asia Championship League S1 Day 4 | Top Squads Battle for a Finals Spot!
